MARD,COCO,卡卡
A1,E2,B257
A2,E1,B108
A3,E5,B86
A4,E7,B91
A5,D3,B90
A6,D5,B198
A7,D8,B185
A8,E8,B194
A9,D6,B165
A10,D7,B68
A11,D1,B180
A12,K9,B66
A13,D4,B164
A14,C5,B69
A15,E4,B163
A16,E3,B162
A17,E6,×
A18,D2,×
A19,K10,B189
A20,E9,×
A21,E10,×
A22,E11,B87
A23,E12,×
A24,E13,B171
A25,E14,B195
A26,E15,B197
B1,F5,B107
B2,F8,B118
B3,F4,B125
B4,F9,B169
B5,F10,B126
B6,G4,B146
B7,G5,B137
B8,F11,×
B9,F16,B133
B10,G3,B136
B11,F14,B140
B12,F12,B168
B13,F2,B149
B14,F6,B122
B15,F15,B133
B16,F3,×
B17,F13,B119
B18,F7,B106
B19,G6,B146
B20,G2,B211
B21,G7,B138
B22,G8,B147
B23,F17,B121
B24,F1,×
B25,F18,×
B26,F19,B112
B27,F20,×
B28,F21,×
B29,F22,×
B30,F23,×
B31,F24,×
B32,F25,B109
C1,G1,B123
C2,H3,B143
C3,H4,B160
C4,H5,B220
C5,H7,B227
C6,H8,B154
C7,H13,B155
C8,H14,B157
C9,H16,B156
C10,H9,×
C11,H10,B145
C12,H23,×
C13,H1,B151
C14,H2,B209
C15,H11,B144
C16,H18,×
C17,H19,×
C18,H24,B240
C19,H12,×
C20,H17,×
C21,H6,B208
C22,H25,×
C23,H26,×
C24,H27,B153
C25,H28,×
C26,H29,×
C27,H30,B207
C28,H31,×
C29,H32,×
D1,J7,B230
D2,J8,B231
D3,H15,B158
D4,H20,B159
D5,J12,×
D6,J11,B24
D7,J15,B103
D8,J3,B19
D9,J4,B234
D10,J19,B27
D11,J6,×
D12,J10,B22
D13,J14,×
D14,J16,B101
D15,H22,×
D16,J1,×
D17,J5,B224
D18,J13,×
D19,J9,×
D20,J17,B99
D21,J18,B100
D22,H21,B233
D23,J2,×
D24,J20,B232
D25,J21,×
D26,J22,×
E1,K3,B177
E2,K15,B43
E3,K17,B48
E4,K21,B52
E5,K19,B79
E6,K22,×
E7,K25,B82
E8,K12,B37
E9,K18,B78
E10,K23,B80
E11,K2,B175
E12,K16,B45
E13,K24,B84
E14,K5,B176
E15,K4,×
E16,K1,B219
E17,K11,B216
E18,K13,×
E19,K14,B44
E20,K26,B43
E21,K27,B39
E22,K28,B264
E23,K29,B265
E24,K30,B217
F1,K8,×
F2,C2,×
F3,C3,B54
F4,C6,×
F5,C7,B62
F6,Z21,B74
F7,C10,B60
F8,C9,B56
F9,K20,B191
F10,Z20,×
F11,Z23,B95
F12,C1,B130
F13,C4,B72
F14,K7,B188
F15,C8,B63
F16,K6,B268
F17,K31,B187
F18,K32,B50
F19,K33,B57
F20,K34,B42
F21,K35,B186
F22,K36,×
F23,K37,B71
F24,K38,B47
F25,K39,B53
G1,Z2,B179
G2,Z5,×
G3,Z6,B172
G4,Z8,B273
G5,Z10,B182
G6,Z11,B92
G7,Z18,B97
G8,Z22,B170
G9,Z9,B196
G10,Z15,×
G11,Z7,B242
G12,Z13,B269
G13,Z14,B93
G14,Z17,×
G15,Z3,×
G16,Z4,B270
G17,Z16,×
G18,Z1,×
G19,Z12,B199
G20,Z19,B94
G21,Z24,B254
H1,A2,B1
H2,A1,B2
H3,B3,B5
H4,B5,×
H5,B6,B7
H6,B7,B8
H7,B9,B11
H8,A9,B218
H9,A8,B3
H10,A10,×
H11,B1,B4
H12,A4,B213
H13,A6,B28
H14,B2,×
H15,B4,B259
H16,B8,×
H17,A7,B205
H18,A3,B213
H19,A5,×
H20,B10,×
H21,A11,B214
H22,A12,B205
H23,B11,×
M1,Y1,×
M2,Y2,B253
M3,Y3,×
M4,Y4,B278
M5,Y5,×
M6,Y6,B244
M7,Y7,B30
M8,Y8,B29
M9,Y9,×
M10,Y10,B263
M11,Y11,×
M12,Y12,B33
M13,Y13,×
M14,Y14,B73
M15,Y15,B6
M16,×,×
M17,×,B34
P1,M1,×
P2,M2,×
P3,M3,×
P4,M4,×
P5,M5,×
P6,M6,×
P7,M7,×
P8,M8,×
P9,M9,×
P10,M10,×
P11,M11,×
P12,M12,×
P13,M13,×
P14,M14,×
P15,M15,×
P16,M16,×
P17,M17,×
P18,M18,×
P19,M19,×
P20,M21,×
P21,M20,×
P22,M22,×
P23,M23,×
R1,L1,×
R2,L2,×
R3,L3,×
R4,L4,×
R5,L5,×
R6,L6,×
R7,L7,×
R8,L8,×
R9,L9,×
R10,L10,×
R11,L11,×
R12,L12,×
R13,L13,×
R14,S1,×
R15,S2,×
R16,S3,×
R17,S4,×
R18,S5,×
R19,S6,×
R20,S7,×
R21,S8,×
R22,S9,×
R23,S10,×
R24,S11,×
R25,S12,×
R26,S13,×
R27,S14,×
R28,S15,×
T1,L14,×
Y1,N1,×
Y2,N2,×
Y3,N3,×
Y4,N4,×
Y5,N5,×
×,×,B9
×,×,B10
×,×,B12
×,×,B13
×,×,B14
×,×,B15
×,×,B16
×,×,B17
×,×,B18
×,×,B20
×,×,B21
×,×,B23
×,×,B25
×,×,B26
×,×,B31
×,×,B32
×,×,B35
×,×,B36
×,×,B38
×,×,B40
×,×,B41
×,×,B46
×,×,B49
×,×,B51
×,×,B55
×,×,B58
×,×,B59
×,×,B61
×,×,B64
×,×,B65
×,×,B67
×,×,B70
×,×,B75
×,×,B76
×,×,B77
×,×,B81
×,×,B83
×,×,B85
×,×,B88
×,×,B89
×,×,B96
×,×,B98
×,×,B102
×,×,B104
×,×,B105
×,×,B110
×,×,B111
×,×,B113
×,×,B114
×,×,B115
×,×,B116
×,×,B117
×,×,B120
×,×,B124
×,×,B127
×,×,B128
×,×,B129
×,×,B131
×,×,B132
×,×,B134
×,×,B135
×,×,B139
×,×,B141
×,×,B142
×,×,B148
×,×,B150
×,×,B152
×,×,B161
×,×,B166
×,×,B167
×,×,B173
×,×,B174
×,×,B178
×,×,B181
×,×,B183
×,×,B184
×,×,B190
×,×,B192
×,×,B193
×,×,B200
×,×,B201
×,×,B202
×,×,B203
×,×,B204
×,×,B206
×,×,B210
×,×,B212
×,×,B214
×,×,B215
×,×,B221
×,×,B222
×,×,B223
×,×,B225
×,×,B226
×,×,B228
×,×,B229
×,×,B235
×,×,B236
×,×,B237
×,×,B238
×,×,B239
×,×,B241
×,×,B243
×,×,B254
×,×,B246
×,×,B247
×,×,B248
×,×,B249
×,×,B250
×,×,B251
×,×,B252
×,×,B255
×,×,B256
×,×,B258
×,×,B260
×,×,B261
×,×,B262
×,×,B266
×,×,B267
×,×,B271
×,×,B272
×,×,B274
×,×,B275
×,×,B276
×,×,B277
×,×,B279
×,×,B280
×,×,B281
×,×,B282
×,×,B283
×,×,B284
×,×,P1
×,×,P2
×,×,P3
×,×,P4
×,×,P5
×,×,P6
×,×,P7
×,×,P8
×,×,P9
×,×,P10
×,×,P11
×,×,P12
×,×,P13
×,×,P14
×,×,P15
×,×,P16
×,×,P17
×,×,P18
×,×,P19
×,×,P20
×,×,P21
×,×,P22
×,×,P23
×,×,P24
×,×,P25
×,×,P26
×,×,P27
×,×,P28
×,×,P29
×,×,P30
×,×,P31
×,×,P32
×,×,P33
×,×,P34
×,×,P35
×,×,P36
×,×,P37
×,×,P38
×,×,P39
×,×,P40
×,×,P41
×,×,P42
×,×,P43
×,×,P44
×,×,P45
×,×,P46
×,×,P47
×,×,P48
×,×,P49
×,×,P50
×,×,R1
×,×,R2
×,×,R3
×,×,R4
×,×,R5
×,×,R6
×,×,R7
×,×,R8
×,×,R9
×,×,R10
×,×,R11
×,×,R12
×,×,R13
×,×,R14
×,×,R15
×,×,R16
×,×,R17
×,×,R18
×,×,R19
×,×,R20
×,×,R21
×,×,R22
×,×,R23
×,×,R24
×,×,R25
×,×,R26
×,×,R27
×,×,R28
×,×,R29
×,×,R30
×,×,R31
×,×,R32
×,×,R33
×,×,R34
×,×,R35
×,×,R36
×,×,R37
×,×,R38
×,×,R39
×,×,R40
×,×,R41
×,×,R42
×,×,R43
×,×,R44
×,×,R45
×,×,R46
×,×,R47
×,×,R48
×,×,R49
×,×,R50
×,×,R51
×,×,R52
×,×,R53
×,×,R54
×,×,R55
×,×,R56
×,×,R57
×,×,R58
×,×,R59
×,×,R60
×,×,R61
×,×,R62
×,×,R63
×,×,R64
×,×,R65
×,×,R66
×,×,R67
×,×,R68
×,×,R69
×,×,R70
×,×,R71
×,×,R72
×,×,R73
×,×,R74
×,×,R75
×,×,R76
×,×,R77
×,×,R78
×,×,R79
×,×,R80
×,×,R81
×,×,R82
×,×,R83
×,×,R84
×,×,R85
×,×,R86
×,×,R87
×,×,R88
×,×,R89
×,×,R90
×,×,R91
×,×,R92
×,×,R93
×,×,R94
×,×,R95
×,×,R96
×,×,R97
×,×,R98
×,×,R99
×,×,R100
×,×,R101
×,×,R102
×,×,R103
×,×,R104
×,×,R105
×,×,R106
×,×,R107
×,×,R108
×,×,R109
×,×,R110
×,×,R111
×,×,R112
×,×,R113
×,×,R114
×,×,R115
×,×,R116
×,×,R117
×,×,R118
×,×,R119
×,×,R120
×,×,R121
×,×,R122
×,×,R123
×,×,R124
×,×,R125
